{
  "case_count": 3,
  "mean_beta": 0.00300004059092562,
  "mean_final_mask_change": 0.014086142812159587,
  "mean_graph_cut_bbox_fill_ratio": 0.5525821110165051,
  "mean_graph_cut_bbox_leakage_ratio": 0.00453408614220647,
  "mean_graph_cut_boundary_length": 1185.1401034055943,
  "mean_graph_cut_compactness": 0.30916625305719153,
  "mean_graph_cut_component_count": 3.6666666666666665,
  "mean_graph_cut_edge_alignment_score": 3.546541249224331,
  "mean_graph_cut_foreground_fraction": 0.26657669632523145,
  "mean_graph_cut_seed_consistency_rate": 1.0,
  "mean_graph_cut_total_energy": 444847.3395996094,
  "mean_iterations": 3.0,
  "mean_naive_bbox_fill_ratio": 0.7639256536809715,
  "mean_naive_bbox_leakage_ratio": 0.06136887495608561,
  "mean_naive_boundary_length": 8835.670850748773,
  "mean_naive_compactness": 0.009949996113976777,
  "mean_naive_component_count": 363.6666666666667,
  "mean_naive_edge_alignment_score": 2.240474746427932,
  "mean_naive_foreground_fraction": 0.382314139305896,
  "mean_naive_seed_consistency_rate": 1.0,
  "mean_naive_total_energy": 914975.4075520834,
  "mean_refined_bbox_fill_ratio": 0.5510679915774358,
  "mean_refined_bbox_leakage_ratio": 0.00411951661018796,
  "mean_refined_boundary_length": 1113.7949254369503,
  "mean_refined_compactness": 0.34508378939911766,
  "mean_refined_component_count": 1.0,
  "mean_refined_edge_alignment_score": 3.2875421218346017,
  "mean_refined_foreground_fraction": 0.26561581148301333,
  "mean_refined_seed_consistency_rate": 1.0,
  "mean_refined_total_energy": 446487.3202311198,
  "mean_runtime_total_seconds": 0.2716067360403637
}